codigo_producto_sin;descripcion_producto;codigo_actividad;descripcion_actividad
1001903;herramientas de mano tales como alicates, destornilladores.;4752100;Venta al por menor de artículos de ferretería, fontanería y calefacción
1001904;herramientas de mano de uso agrícola no motorizadas.;4752100;Venta al por menor de artículos de ferretería, fontanería y calefacción
1001905;sierras y hojas para sierras, incluidas sierras circulares y de cadena.;4752100;Venta al por menor de artículos de ferretería, fontanería y calefacción
1001906;accesorios intercambiables para herramientas de mano motorizadas o no y para máquinas herramientas: brocas, punzones y fresas.;4752100;Venta al por menor de artículos de ferretería, fontanería y calefacción
1001907;estampas y troqueles de prensa.;4752100;Venta al por menor de artículos de ferretería, fontanería y calefacción
1001908;herramientas de herrería: machos de forja, yunques.;4752100;Venta al por menor de artículos de ferretería, fontanería y calefacción
1001909;moldes y cajas de moldeo (excepto lingoteras).;4752100;Venta al por menor de artículos de ferretería, fontanería y calefacción
1001910;tornos de banco, abrazaderas.;4752100;Venta al por menor de artículos de ferretería, fontanería y calefacción
1001911;candados, cerraduras, pasadores, llaves, bisagras y artículos similares.;4752100;Venta al por menor de artículos de ferretería, fontanería y calefacción
1001912;accesorios de ferretería para edificios, muebles, vehículos, etcétera.;4752100;Venta al por menor de artículos de ferretería, fontanería y calefacción
1001913;machetes, espadas y bayonetas.;4752100;Venta al por menor de artículos de ferretería, fontanería y calefacción
1001914;cuchillas y cizallas para máquinas y para aparatos mecánicos.;4752100;Venta al por menor de artículos de ferretería, fontanería y calefacción
1003449;Herramientas Eléctricas;4752100;Venta al por menor de artículos de ferretería, fontanería y calefacción
1003450;Accesorios para Herramientas;4752100;Venta al por menor de artículos de ferretería, fontanería y calefacción
1003451;Artículos para Fijación (Tornillos, tuercas, arandelas);4752100;Venta al por menor de artículos de ferretería, fontanería y calefacción
1003452;Artículos de Seguridad (Cascos, guantes, gafas de protección);4752100;Venta al por menor de artículos de ferretería, fontanería y calefacción
1003453;Tuberías y Accesorios;4752100;Venta al por menor de artículos de ferretería, fontanería y calefacción
1003454;Accesorios de Conexión (Grifos, llaves de paso, etc);4752100;Venta al por menor de artículos de ferretería, fontanería y calefacción
1003455;Sistemas de Drenaje y Desagüe;4752100;Venta al por menor de artículos de ferretería, fontanería y calefacción
1003456;Equipos de Fontanería;4752100;Venta al por menor de artículos de ferretería, fontanería y calefacción
1003457;Radiadores;4752100;Venta al por menor de artículos de ferretería, fontanería y calefacción
1003458;Sistemas de Calefacción;4752100;Venta al por menor de artículos de ferretería, fontanería y calefacción
1003459;Accesorios de Calefacción;4752100;Venta al por menor de artículos de ferretería, fontanería y calefacción
1003460;Aire Acondicionado y Ventiladores;4752100;Venta al por menor de artículos de ferretería, fontanería y calefacción
1001384;Pinturas y barnices;4752200;Venta al por menor de pinturas, barnices y lacas
1001385;Secativos;4752200;Venta al por menor de pinturas, barnices y lacas
1001386;Lacas;4752200;Venta al por menor de pinturas, barnices y lacas
1001387;Pigmentos preparados;4752200;Venta al por menor de pinturas, barnices y lacas
1001388;Colores vitrificables;4752200;Venta al por menor de pinturas, barnices y lacas
1001389;Brilladores;4752200;Venta al por menor de pinturas, barnices y lacas
1001390;Pinturas aditivas;4752200;Venta al por menor de pinturas, barnices y lacas
1001391;Colores para cerámica;4752200;Venta al por menor de pinturas, barnices y lacas
1001392;Removedores de barniz;4752200;Venta al por menor de pinturas, barnices y lacas
1001393;Removedores de pinturas;4752200;Venta al por menor de pinturas, barnices y lacas
1001394;Removedores de tintes;4752200;Venta al por menor de pinturas, barnices y lacas
1001395;Desmanchadores;4752200;Venta al por menor de pinturas, barnices y lacas
1001396;Masillas;4752200;Venta al por menor de pinturas, barnices y lacas
1001397;Pintura al óleo;4752200;Venta al por menor de pinturas, barnices y lacas
1001398;Témperas;4752200;Venta al por menor de pinturas, barnices y lacas
1001399;Acuarelas;4752200;Venta al por menor de pinturas, barnices y lacas
1001400;Tinta de impresión;4752200;Venta al por menor de pinturas, barnices y lacas
1001401;Tintas para escribir o dibujar y otras tintas;4752200;Venta al por menor de pinturas, barnices y lacas
1001402;compuestos para calafatear y preparados similares no refractarios para relleno y enlucido.;4752200;Venta al por menor de pinturas, barnices y lacas
1001403;disolventes y diluyentes orgánicos compuestos.;4752200;Venta al por menor de pinturas, barnices y lacas
1001404;decapantes para pintura y barniz preparados.;4752200;Venta al por menor de pinturas, barnices y lacas
1003461;Imprimantes y Selladores;4752200;Venta al por menor de pinturas, barnices y lacas
1003462;Adhesivos;4752200;Venta al por menor de pinturas, barnices y lacas
1003463;Aceites y Ceras;4752200;Venta al por menor de pinturas, barnices y lacas
1003464;Rodillos de Pintura;4752200;Venta al por menor de pinturas, barnices y lacas
1003465;Cinta de Pintor;4752200;Venta al por menor de pinturas, barnices y lacas
1003466;Cubetas, Bandejas y Otros Accesorios;4752200;Venta al por menor de pinturas, barnices y lacas
1003467;Protección para Superficies;4752200;Venta al por menor de pinturas, barnices y lacas
1003468;Productos para Reparación de Paredes y Superficies;4752200;Venta al por menor de pinturas, barnices y lacas
1001658;"Vidrio en masa, en esferas (excepto microesferas), varillas o tubos, sin elaborar; desperdicios y desechos de vidrio";4752300;Venta al por menor de vidrio plano, espejos y sus productos
1001659;Vidrio fundido, laminado, estirado o soplado sin elaborar, en planchas;4752300;Venta al por menor de vidrio plano, espejos y sus productos
1001660;Vidrio templado y vidrio pulido o pulimentado, en planchas;4752300;Venta al por menor de vidrio plano, espejos y sus productos
1001661;Vidrio en planchas, curvado, labrado en los bordes, tallado, taladrado, esmaltado o trabajado de otra forma, pero sin marco, etc.;4752300;Venta al por menor de vidrio plano, espejos y sus productos
1001662;Vidrio de seguridad;4752300;Venta al por menor de vidrio plano, espejos y sus productos
1001663;"Espejos de vidrio; unidades de vidrio aislantes de paredes múltiples";4752300;Venta al por menor de vidrio plano, espejos y sus productos
1001664;"Losas, ladrillos, azulejos y otros artículos de vidrio prensado o moldeado, del tipo utilizado para la construcción, vidrieras emplomadas y similares; vidrio multicelular o vidrio espuma en bloques, tablas o formas similares";4752300;Venta al por menor de vidrio plano, espejos y sus productos
1001665;Cintas, mechas, hilados y hebras cortadas, de vidrio;4752300;Venta al por menor de vidrio plano, espejos y sus productos
1001666;Fibra de vidrio;4752300;Venta al por menor de vidrio plano, espejos y sus productos
1001697;Gasas, mallas, felpudos, colchones, planchas y otros artículos de fibra de vidrio, excepto tejidos;4752300;Venta al por menor de vidrio plano, espejos y sus productos
1003469;"Botellas, jarros, redomas y otros recipientes de vidrio, del tipo utilizado para el transporte o envasado de mercancías, excepto ampolletas; tapones, tapas y demás dispositivos de cierre, de vidrio";4752300;Venta al por menor de vidrio plano, espejos y sus productos
1003470;Ampollas de vidrio, abiertas, y sus partes de vidrio, para lámparas eléctricas, tubos de rayos catódicos o similares;4752300;Venta al por menor de vidrio plano, espejos y sus productos
1003471;Artículos de vidrio del tipo utilizado para servicios de mesa, cocina, tocador, oficina, decoración de interiores o usos similares (excepto botellas, jarros y artículos similares de vidrio y ornamentos de vidrio trabajado al soplete);4752300;Venta al por menor de vidrio plano, espejos y sus productos
1003472;"Cristales para relojes y vidrios similares; cristales para gafas, sin labrado óptico; esferas de vidrio huecas y segmentos de esferas para la fabricación de dichos cristales";4752300;Venta al por menor de vidrio plano, espejos y sus productos
1003473;"Artículos de vidrio para laboratorio, higiene y farmacia; ampollas de vidrio";4752300;Venta al por menor de vidrio plano, espejos y sus productos
1003474;Partes de lámparas n.c.p., accesorios para alumbrado, señales iluminadas, rótulos iluminados y artículos similares, de vidrio;4752300;Venta al por menor de vidrio plano, espejos y sus productos
1003475;Aislantes eléctricos de vidrio;4752300;Venta al por menor de vidrio plano, espejos y sus productos
1003476;"vidrios planos y de seguridad, espejos; artículos de vidrio utilizados en la construcción, como bloques de vidrio.";4752300;Venta al por menor de vidrio plano, espejos y sus productos
1003477;La colocación de los vidrios o espejos cuando lo realiza el mismo vendedor.;4752300;Venta al por menor de vidrio plano, espejos y sus productos
1003635;Es común que la venta de los vidrios incluya su instalación.;4752300;Venta al por menor de vidrio plano, espejos y sus productos
1003362;Piedra de construcción o para tallado;4752400;Venta al por menor de ladrillo, madera, cemento y otros materiales de construcción
1003363;Pizarra;4752400;Venta al por menor de ladrillo, madera, cemento y otros materiales de construcción
1003364;Mármol y otras piedras calizas para tallado o construcción;4752400;Venta al por menor de ladrillo, madera, cemento y otros materiales de construcción
1003365;Granito, arenisca y otras piedras para tallado o construcción;4752400;Venta al por menor de ladrillo, madera, cemento y otros materiales de construcción
1003366;fundente calizo;4752400;Venta al por menor de ladrillo, madera, cemento y otros materiales de construcción
1003367;otras piedras calcáreas del tipo habitualmente utilizado para la fabricación de cal o cemento;4752400;Venta al por menor de ladrillo, madera, cemento y otros materiales de construcción
1003368;Yeso;4752400;Venta al por menor de ladrillo, madera, cemento y otros materiales de construcción
1003369;Anhidrita;4752400;Venta al por menor de ladrillo, madera, cemento y otros materiales de construcción
1003370;Roca o piedra caliza en bruto (para cal o cemento);4752400;Venta al por menor de ladrillo, madera, cemento y otros materiales de construcción
1003371;Caliza triturada o molida (para cal o cemento);4752400;Venta al por menor de ladrillo, madera, cemento y otros materiales de construcción
1003372;Arenas, piedras, gravilla, piedras machacadas, bitumen natural y asfalto;4752400;Venta al por menor de ladrillo, madera, cemento y otros materiales de construcción
1003373;Arenas naturales;4752400;Venta al por menor de ladrillo, madera, cemento y otros materiales de construcción
1003374;Piedras, gravilla, piedra triturada;4752400;Venta al por menor de ladrillo, madera, cemento y otros materiales de construcción
1003375;Gránulos, grava y polvo de piedra;4752400;Venta al por menor de ladrillo, madera, cemento y otros materiales de construcción
1003376;"Betún y asfalto natural; asfaltita y rocas asfálticas";4752400;Venta al por menor de ladrillo, madera, cemento y otros materiales de construcción
1003377;Arcillas;4752400;Venta al por menor de ladrillo, madera, cemento y otros materiales de construcción
1003378;Caolín (arcilla blanca);4752400;Venta al por menor de ladrillo, madera, cemento y otros materiales de construcción
1003379;Bentonita (tierras decolorantes);4752400;Venta al por menor de ladrillo, madera, cemento y otros materiales de construcción
1003380;Cemento y derivados;4752400;Venta al por menor de ladrillo, madera, cemento y otros materiales de construcción
1003381;Ladrillos, Bloques y Mampostería;4752400;Venta al por menor de ladrillo, madera, cemento y otros materiales de construcción
1003382;Cemento Asfáltico y Materiales Bituminosos;4752400;Venta al por menor de ladrillo, madera, cemento y otros materiales de construcción
1003383;Acero y Hierro;4752400;Venta al por menor de ladrillo, madera, cemento y otros materiales de construcción
1003384;Tejas y Materiales para Cubiertas;4752400;Venta al por menor de ladrillo, madera, cemento y otros materiales de construcción
1003385;Aislantes y Materiales de Impermeabilización;4752400;Venta al por menor de ladrillo, madera, cemento y otros materiales de construcción
1003386;Pinturas y Recubrimientos;4752400;Venta al por menor de ladrillo, madera, cemento y otros materiales de construcción
1003636;puertas, ventanas, contraventanas y sus marcos, escaleras, pórticos o barandales.;4752400;Venta al por menor de ladrillo, madera, cemento y otros materiales de construcción
1003637;fierro de construcción y artículos sanitarios.;4752400;Venta al por menor de ladrillo, madera, cemento y otros materiales de construcción
1003362;Piedra de construcción o para tallado;4663100;Venta al por mayor de materiales de construcción
1003363;Pizarra;4663100;Venta al por mayor de materiales de construcción
1003364;Mármol y otras piedras calizas para tallado o construcción;4663100;Venta al por mayor de materiales de construcción
1003365;Granito, arenisca y otras piedras para tallado o construcción;4663100;Venta al por mayor de materiales de construcción
1003366;fundente calizo;4663100;Venta al por mayor de materiales de construcción
1003367;otras piedras calcáreas del tipo habitualmente utilizado para la fabricación de cal o cemento;4663100;Venta al por mayor de materiales de construcción
1003368;Yeso;4663100;Venta al por mayor de materiales de construcción
1003369;Anhidrita;4663100;Venta al por mayor de materiales de construcción
1003370;Roca o piedra caliza en bruto (para cal o cemento);4663100;Venta al por mayor de materiales de construcción
1003371;Caliza triturada o molida (para cal o cemento);4663100;Venta al por mayor de materiales de construcción
1003372;Arenas, piedras, gravilla, piedras machacadas, bitumen natural y asfalto;4663100;Venta al por mayor de materiales de construcción
1003373;Arenas naturales;4663100;Venta al por mayor de materiales de construcción
1003374;Piedras, gravilla, piedra triturada;4663100;Venta al por mayor de materiales de construcción
1003375;Gránulos, grava y polvo de piedra;4663100;Venta al por mayor de materiales de construcción
1003376;"Betún y asfalto natural; asfaltita y rocas asfálticas";4663100;Venta al por mayor de materiales de construcción
1003377;Arcillas;4663100;Venta al por mayor de materiales de construcción
1003378;Caolín (arcilla blanca);4663100;Venta al por mayor de materiales de construcción
1003379;Bentonita (tierras decolorantes);4663100;Venta al por mayor de materiales de construcción
1003380;Cemento y derivados;4663100;Venta al por mayor de materiales de construcción
1003381;Ladrillos, Bloques y Mampostería;4663100;Venta al por mayor de materiales de construcción
1003382;Cemento Asfáltico y Materiales Bituminosos;4663100;Venta al por mayor de materiales de construcción
1003383;Acero y Hierro;4663100;Venta al por mayor de materiales de construcción
1003384;Tejas y Materiales para Cubiertas;4663100;Venta al por mayor de materiales de construcción
1003385;Aislantes y Materiales de Impermeabilización;4663100;Venta al por mayor de materiales de construcción
1003386;Pinturas y Recubrimientos;4663100;Venta al por mayor de materiales de construcción
1003387;Artículos de higiene personal;4663200;Venta al por mayor de artículos sanitarios
1003388;Artículos para baños y sanitarios;4663200;Venta al por mayor de artículos sanitarios
1003389;Artículos de higiene para la cocina;4663200;Venta al por mayor de artículos sanitarios
1003390;Equipos de saneamiento;4663200;Venta al por mayor de artículos sanitarios
1003391;Equipos de saneamiento: Aspiradoras, limpiadores de superficies, desinfectantes, baldosas sanitarias.;4663200;Venta al por mayor de artículos sanitarios
1001747;Bloques de cemento;4663300;Venta al por mayor de artículos prefabricados de cemento y estuco
1001756;Vigas de concreto;4663300;Venta al por mayor de artículos prefabricados de cemento y estuco
1003392;Venta por mayor de vigas, viguetas y otros prefabricados de cemento.;4663300;Venta al por mayor de artículos prefabricados de cemento y estuco
1003393;Paneles de concreto prefabricado;4663300;Venta al por mayor de artículos prefabricados de cemento y estuco
1003394;Ladrillos de concreto;4663300;Venta al por mayor de artículos prefabricados de cemento y estuco
1003395;Pilares y columnas prefabricadas;4663300;Venta al por mayor de artículos prefabricados de cemento y estuco
1003396;Escaleras prefabricadas de cemento;4663300;Venta al por mayor de artículos prefabricados de cemento y estuco
1003397;Losas de concreto;4663300;Venta al por mayor de artículos prefabricados de cemento y estuco
1003398;Pavimentos de concreto;4663300;Venta al por mayor de artículos prefabricados de cemento y estuco
1003399;Tuberías de concreto;4663300;Venta al por mayor de artículos prefabricados de cemento y estuco
1003400;Cajones de concreto para alcantarillado;4663300;Venta al por mayor de artículos prefabricados de cemento y estuco
1003401;Paneles de estuco prefabricados;4663300;Venta al por mayor de artículos prefabricados de cemento y estuco
1003402;Molduras de estuco;4663300;Venta al por mayor de artículos prefabricados de cemento y estuco
1003403;Cornisas de estuco;4663300;Venta al por mayor de artículos prefabricados de cemento y estuco
1003404;Elementos decorativos de estuco;4663300;Venta al por mayor de artículos prefabricados de cemento y estuco
1003405;Fachadas de estuco prefabricado;4663300;Venta al por mayor de artículos prefabricados de cemento y estuco
1003406;Revestimientos de estuco para paredes;4663300;Venta al por mayor de artículos prefabricados de cemento y estuco
1003407;Cercas y divisores de estuco;4663300;Venta al por mayor de artículos prefabricados de cemento y estuco
1003408;Columnas decorativas de estuco;4663300;Venta al por mayor de artículos prefabricados de cemento y estuco
1003409;artículos prefabricados de estuco.;4663300;Venta al por mayor de artículos prefabricados de cemento y estuco
1003410;Acero estructural;4663400;Venta al por mayor de productos para la construcción de acero y aluminio
1003411;Varilla de acero;4663400;Venta al por mayor de productos para la construcción de acero y aluminio
1003412;Planchas y láminas de acero;4663400;Venta al por mayor de productos para la construcción de acero y aluminio
1003413;Alambres de acero;4663400;Venta al por mayor de productos para la construcción de acero y aluminio
1003414;Redes de acero para refuerzo;4663400;Venta al por mayor de productos para la construcción de acero y aluminio
1003415;Pletinas de acero;4663400;Venta al por mayor de productos para la construcción de acero y aluminio
1003416;Perfiles tubulares de acero;4663400;Venta al por mayor de productos para la construcción de acero y aluminio
1003417;Puentes de acero prefabricados;4663400;Venta al por mayor de productos para la construcción de acero y aluminio
1003418;Placas de acero para revestimiento;4663400;Venta al por mayor de productos para la construcción de acero y aluminio
1003419;Perfiles de aluminio;4663400;Venta al por mayor de productos para la construcción de acero y aluminio
1003420;Láminas de aluminio;4663400;Venta al por mayor de productos para la construcción de acero y aluminio
1003421;Tuberías y accesorios de aluminio;4663400;Venta al por mayor de productos para la construcción de acero y aluminio
1003422;Techos de aluminio;4663400;Venta al por mayor de productos para la construcción de acero y aluminio
1003423;Persianas y lamas de aluminio;4663400;Venta al por mayor de productos para la construcción de acero y aluminio
1003424;Mallas de aluminio;4663400;Venta al por mayor de productos para la construcción de acero y aluminio
1003425;Barras y tubos de aluminio;4663400;Venta al por mayor de productos para la construcción de acero y aluminio
1003426;Accesorios de aluminio para carpintería;4663400;Venta al por mayor de productos para la construcción de acero y aluminio
1003427;Paneles de aluminio para techos acústicos;4663400;Venta al por mayor de productos para la construcción de acero y aluminio
1003428;Vigas de acero para puentes y túneles;4663400;Venta al por mayor de productos para la construcción de acero y aluminio
1003429;Acero para refuerzo de pavimentos;4663400;Venta al por mayor de productos para la construcción de acero y aluminio
1003430;Estructuras metálicas para edificios industriales;4663400;Venta al por mayor de productos para la construcción de acero y aluminio
1003431;Cercas metálicas de acero o aluminio;4663400;Venta al por mayor de productos para la construcción de acero y aluminio
1003432;Troncos de Madera;4663500;Venta al por mayor de madera sin desbastar, puertas, ventanas, marcos y productos primarios
1003433;Tablones de Madera Cruda;4663500;Venta al por mayor de madera sin desbastar, puertas, ventanas, marcos y productos primarios
1003434;Maderas en Rollo o en Larga Escala;4663500;Venta al por mayor de madera sin desbastar, puertas, ventanas, marcos y productos primarios
1003435;Maderas sin Procesar;4663500;Venta al por mayor de madera sin desbastar, puertas, ventanas, marcos y productos primarios
1003436;Vigas de Madera sin Desbastar;4663500;Venta al por mayor de madera sin desbastar, puertas, ventanas, marcos y productos primarios
1003437;Puertas y Ventanas;4663500;Venta al por mayor de madera sin desbastar, puertas, ventanas, marcos y productos primarios
1003438;Marcos de Madera;4663500;Venta al por mayor de madera sin desbastar, puertas, ventanas, marcos y productos primarios
1003439;Marcos de Madera para Uso de Construcción;4663500;Venta al por mayor de madera sin desbastar, puertas, ventanas, marcos y productos primarios
1003440;Madera Contrachapada;4663500;Venta al por mayor de madera sin desbastar, puertas, ventanas, marcos y productos primarios
1003441;Madera Laminada;4663500;Venta al por mayor de madera sin desbastar, puertas, ventanas, marcos y productos primarios
1003442;Madera de Pino, Cedro, Roble, entre otras;4663500;Venta al por mayor de madera sin desbastar, puertas, ventanas, marcos y productos primarios
1003443;Pellets de Madera;4663500;Venta al por mayor de madera sin desbastar, puertas, ventanas, marcos y productos primarios
1003444;Tablas de Madera para Pisos;4663500;Venta al por mayor de madera sin desbastar, puertas, ventanas, marcos y productos primarios
1003445;Vigas de Madera;4663500;Venta al por mayor de madera sin desbastar, puertas, ventanas, marcos y productos primarios
1003446;Listones de Madera;4663500;Venta al por mayor de madera sin desbastar, puertas, ventanas, marcos y productos primarios
1003447;Piezas para la Fabricación de Muebles;4663500;Venta al por mayor de madera sin desbastar, puertas, ventanas, marcos y productos primarios
1003448;maderas en bruto per filada o aserrada.;4663500;Venta al por mayor de madera sin desbastar, puertas, ventanas, marcos y productos primarios
1001903;herramientas de mano tales como alicates, destornilladores.;4663600;Venta al por mayor de artículos de ferretería, fontanería y calefacción
1001904;herramientas de mano de uso agrícola no motorizadas.;4663600;Venta al por mayor de artículos de ferretería, fontanería y calefacción
1001905;sierras y hojas para sierras, incluidas sierras circulares y de cadena.;4663600;Venta al por mayor de artículos de ferretería, fontanería y calefacción
1001906;accesorios intercambiables para herramientas de mano motorizadas o no y para máquinas herramientas: brocas, punzones y fresas.;4663600;Venta al por mayor de artículos de ferretería, fontanería y calefacción
1001907;estampas y troqueles de prensa.;4663600;Venta al por mayor de artículos de ferretería, fontanería y calefacción
1001908;herramientas de herrería: machos de forja, yunques.;4663600;Venta al por mayor de artículos de ferretería, fontanería y calefacción
1001909;moldes y cajas de moldeo (excepto lingoteras).;4663600;Venta al por mayor de artículos de ferretería, fontanería y calefacción
1001910;tornos de banco, abrazaderas.;4663600;Venta al por mayor de artículos de ferretería, fontanería y calefacción
1001911;candados, cerraduras, pasadores, llaves, bisagras y artículos similares.;4663600;Venta al por mayor de artículos de ferretería, fontanería y calefacción
1001912;accesorios de ferretería para edificios, muebles, vehículos, etcétera.;4663600;Venta al por mayor de artículos de ferretería, fontanería y calefacción
1001913;machetes, espadas y bayonetas.;4663600;Venta al por mayor de artículos de ferretería, fontanería y calefacción
1001914;cuchillas y cizallas para máquinas y para aparatos mecánicos.;4663600;Venta al por mayor de artículos de ferretería, fontanería y calefacción
1003449;Herramientas Eléctricas;4663600;Venta al por mayor de artículos de ferretería, fontanería y calefacción
1003450;Accesorios para Herramientas;4663600;Venta al por mayor de artículos de ferretería, fontanería y calefacción
1003451;Artículos para Fijación (Tornillos, tuercas, arandelas);4663600;Venta al por mayor de artículos de ferretería, fontanería y calefacción
1003452;Artículos de Seguridad (Cascos, guantes, gafas de protección);4663600;Venta al por mayor de artículos de ferretería, fontanería y calefacción
1003453;Tuberías y Accesorios;4663600;Venta al por mayor de artículos de ferretería, fontanería y calefacción
1003454;Accesorios de Conexión (Grifos, llaves de paso, etc);4663600;Venta al por mayor de artículos de ferretería, fontanería y calefacción
1003455;Sistemas de Drenaje y Desagüe;4663600;Venta al por mayor de artículos de ferretería, fontanería y calefacción
1003456;Equipos de Fontanería;4663600;Venta al por mayor de artículos de ferretería, fontanería y calefacción
1003457;Radiadores;4663600;Venta al por mayor de artículos de ferretería, fontanería y calefacción
1003458;Sistemas de Calefacción;4663600;Venta al por mayor de artículos de ferretería, fontanería y calefacción
1003459;Accesorios de Calefacción;4663600;Venta al por mayor de artículos de ferretería, fontanería y calefacción
1003460;Aire Acondicionado y Ventiladores;4663600;Venta al por mayor de artículos de ferretería, fontanería y calefacción
1001384;Pinturas y barnices;4663700;Venta al por mayor de pintura, barnices y productos conexos
1001385;Secativos;4663700;Venta al por mayor de pintura, barnices y productos conexos
1001386;Lacas;4663700;Venta al por mayor de pintura, barnices y productos conexos
1001387;Pigmentos preparados;4663700;Venta al por mayor de pintura, barnices y productos conexos
1001388;Colores vitrificables;4663700;Venta al por mayor de pintura, barnices y productos conexos
1001389;Brilladores;4663700;Venta al por mayor de pintura, barnices y productos conexos
1001390;Pinturas aditivas;4663700;Venta al por mayor de pintura, barnices y productos conexos
1001391;Colores para cerámica;4663700;Venta al por mayor de pintura, barnices y productos conexos
1001392;Removedores de barniz;4663700;Venta al por mayor de pintura, barnices y productos conexos
1001393;Removedores de pinturas;4663700;Venta al por mayor de pintura, barnices y productos conexos
1001394;Removedores de tintes;4663700;Venta al por mayor de pintura, barnices y productos conexos
1001395;Desmanchadores;4663700;Venta al por mayor de pintura, barnices y productos conexos
1001396;Masillas;4663700;Venta al por mayor de pintura, barnices y productos conexos
1001397;Pintura al óleo;4663700;Venta al por mayor de pintura, barnices y productos conexos
1001398;Témperas;4663700;Venta al por mayor de pintura, barnices y productos conexos
1001399;Acuarelas;4663700;Venta al por mayor de pintura, barnices y productos conexos
1001400;Tinta de impresión;4663700;Venta al por mayor de pintura, barnices y productos conexos
1001401;Tintas para escribir o dibujar y otras tintas;4663700;Venta al por mayor de pintura, barnices y productos conexos
1001402;compuestos para calafatear y preparados similares no refractarios para relleno y enlucido.;4663700;Venta al por mayor de pintura, barnices y productos conexos
1001403;disolventes y diluyentes orgánicos compuestos.;4663700;Venta al por mayor de pintura, barnices y productos conexos
1001404;decapantes para pintura y barniz preparados.;4663700;Venta al por mayor de pintura, barnices y productos conexos
1003461;Imprimantes y Selladores;4663700;Venta al por mayor de pintura, barnices y productos conexos
1003462;Adhesivos;4663700;Venta al por mayor de pintura, barnices y productos conexos
1003463;Aceites y Ceras;4663700;Venta al por mayor de pintura, barnices y productos conexos
1003464;Rodillos de Pintura;4663700;Venta al por mayor de pintura, barnices y productos conexos
1003465;Cinta de Pintor;4663700;Venta al por mayor de pintura, barnices y productos conexos
1003466;Cubetas, Bandejas y Otros Accesorios;4663700;Venta al por mayor de pintura, barnices y productos conexos
1003467;Protección para Superficies;4663700;Venta al por mayor de pintura, barnices y productos conexos
1003468;Productos para Reparación de Paredes y Superficies;4663700;Venta al por mayor de pintura, barnices y productos conexos
1001658;"Vidrio en masa, en esferas (excepto microesferas), varillas o tubos, sin elaborar; desperdicios y desechos de vidrio";4663800;Venta al por mayor de vidrio, espejos y sus productos
1001659;Vidrio fundido, laminado, estirado o soplado sin elaborar, en planchas;4663800;Venta al por mayor de vidrio, espejos y sus productos
1001660;Vidrio templado y vidrio pulido o pulimentado, en planchas;4663800;Venta al por mayor de vidrio, espejos y sus productos
1001661;Vidrio en planchas, curvado, labrado en los bordes, tallado, taladrado, esmaltado o trabajado de otra forma, pero sin marco, etc.;4663800;Venta al por mayor de vidrio, espejos y sus productos
1001662;Vidrio de seguridad;4663800;Venta al por mayor de vidrio, espejos y sus productos
1001663;"Espejos de vidrio; unidades de vidrio aislantes de paredes múltiples";4663800;Venta al por mayor de vidrio, espejos y sus productos
1001664;"Losas, ladrillos, azulejos y otros artículos de vidrio prensado o moldeado, del tipo utilizado para la construcción, vidrieras emplomadas y similares; vidrio multicelular o vidrio espuma en bloques, tablas o formas similares";4663800;Venta al por mayor de vidrio, espejos y sus productos
1001665;Cintas, mechas, hilados y hebras cortadas, de vidrio;4663800;Venta al por mayor de vidrio, espejos y sus productos
1001666;Fibra de vidrio;4663800;Venta al por mayor de vidrio, espejos y sus productos
1001697;Gasas, mallas, felpudos, colchones, planchas y otros artículos de fibra de vidrio, excepto tejidos;4663800;Venta al por mayor de vidrio, espejos y sus productos
1003469;"Botellas, jarros, redomas y otros recipientes de vidrio, del tipo utilizado para el transporte o envasado de mercancías, excepto ampolletas; tapones, tapas y demás dispositivos de cierre, de vidrio";4663800;Venta al por mayor de vidrio, espejos y sus productos
1003470;Ampollas de vidrio, abiertas, y sus partes de vidrio, para lámparas eléctricas, tubos de rayos catódicos o similares;4663800;Venta al por mayor de vidrio, espejos y sus productos
1003471;Artículos de vidrio del tipo utilizado para servicios de mesa, cocina, tocador, oficina, decoración de interiores o usos similares (excepto botellas, jarros y artículos similares de vidrio y ornamentos de vidrio trabajado al soplete);4663800;Venta al por mayor de vidrio, espejos y sus productos
1003472;"Cristales para relojes y vidrios similares; cristales para gafas, sin labrado óptico; esferas de vidrio huecas y segmentos de esferas para la fabricación de dichos cristales";4663800;Venta al por mayor de vidrio, espejos y sus productos
1003473;"Artículos de vidrio para laboratorio, higiene y farmacia; ampollas de vidrio";4663800;Venta al por mayor de vidrio, espejos y sus productos
1003474;Partes de lámparas n.c.p., accesorios para alumbrado, señales iluminadas, rótulos iluminados y artículos similares, de vidrio;4663800;Venta al por mayor de vidrio, espejos y sus productos
1003475;Aislantes eléctricos de vidrio;4663800;Venta al por mayor de vidrio, espejos y sus productos
1003476;"vidrios planos y de seguridad, espejos; artículos de vidrio utilizados en la construcción, como bloques de vidrio.";4663800;Venta al por mayor de vidrio, espejos y sus productos
1003477;La colocación de los vidrios o espejos cuando lo realiza el mismo vendedor.;4663800;Venta al por mayor de vidrio, espejos y sus productos
1002126;lámparas, tubos y bombillas de descarga (foco) incandescentes, fluorescentes, de rayos ultravioletas, de rayos infrarrojos.;4759200;Venta al por menor de artículos de iluminación
1002127;lámparas de techo.;4759200;Venta al por menor de artículos de iluminación
1002128;arañas colgantes.;4759200;Venta al por menor de artículos de iluminación
1002129;lámparas de mesa.;4759200;Venta al por menor de artículos de iluminación
1002130;juegos de bombillas para decorar árboles de Navidad.;4759200;Venta al por menor de artículos de iluminación
1002131;troncos eléctricos para chimenea.;4759200;Venta al por menor de artículos de iluminación
1002132;lámparas de destellos.;4759200;Venta al por menor de artículos de iluminación
1002133;lámparas eléctricas contra insectos.;4759200;Venta al por menor de artículos de iluminación
1002134;linternas de carburo, eléctricas, de gas, de gasolina y queroseno;4759200;Venta al por menor de artículos de iluminación
1002135;proyectores de teatro.;4759200;Venta al por menor de artículos de iluminación
1002136;lámparas para la iluminación de calles (excepto señales de tráfico).;4759200;Venta al por menor de artículos de iluminación
1002137;equipo de iluminación para equipo de transporte (vehículos automotores, aeronaves y embarcaciones).;4759200;Venta al por menor de artículos de iluminación
1002138;equipo de iluminación no eléctrico.;4759200;Venta al por menor de artículos de iluminación
1002139;carteles y letreros;4759200;Venta al por menor de artículos de iluminación
1003642;cubrimientos para pisos de fieltro punzado.;4753300;Venta al por menor de cubrimientos para paredes y pisos
